{
  "id": "shard_cluster_1",
  "shards": [
    {
      "id": "sh01",
      "shardParams": {
        "procParams": {
          "shardsvr": true,
          "port": 27217
        }
      }
    },
    {
      "id": "sh02",
      "shardParams": {
        "procParams": {
          "shardsvr": true,
          "port": 27218
        }
      }
    }
  ],
  "routers": [
    {
      "port": 27017
    },
    {
      "port": 27018
    }
  ],
  "sslParams": {
      "sslMode": "requireSSL",
      "sslPEMKeyFile": "/tmp/orchestration-home/server.pem",
      "sslCAFile": "/tmp/orchestration-home/ca.pem",
      "sslAllowInvalidCertificates": true,
      "sslWeakCertificateValidation" : true
  }
}
